Issue,Year,Forecast,Lower_Bound,Upper_Bound,Change,Change_Pct,Trend,Forecast_Formatted
Begging,2024,16272.256436796904,11514.072100042242,20702.99480083018,,,Baseline,"16,272"
Begging,2025,16533.117475303876,11884.022836005235,21430.113887113344,260.86103850697145,1.6031030454822428,Slight Increase,"16,533"
Begging,2026,16487.4535094335,11737.914190547022,21438.165543596515,-45.66396587037525,-0.276196947965713,Slight Decrease,"16,487"
Begging,2027,16531.890357735527,11875.911762507836,21130.55302205638,44.43684830202619,0.26951917272489107,Slight Increase,"16,532"
Begging,2028,16666.49035954414,11925.437734451833,21296.278121356565,134.60000180861243,0.8141839734959954,Slight Increase,"16,666"
Begging,2029,16927.351398049545,12511.841656189388,21401.4796607664,260.8610385054053,1.565182788204849,Slight Increase,"16,927"
Begging,2030,16881.687432180843,11766.867686466518,21761.582227518884,-45.66396586870178,-0.2697643877940846,Slight Decrease,"16,882"
