Issue,Year,Forecast,Lower_Bound,Upper_Bound,Change,Change_Pct,Trend,Forecast_Formatted
Health,2024,64.31166778244099,56.4375389906268,72.50797635513946,,,Baseline,64.31
Health,2025,69.17943412804652,61.22522266623452,77.1779873558485,4.867766345605531,7.56902520717178,Significant Increase,69.18
Health,2026,69.27162991943318,61.21270112624831,77.12360993337681,0.09219579138665779,0.13327051969810785,Slight Increase,69.27
Health,2027,68.87000289461281,61.3685677871468,76.84491521819169,-0.40162702482037105,-0.5797857294356809,Slight Decrease,68.87
Health,2028,67.97614682994923,60.40322415236211,75.52261509724778,-0.8938560646635807,-1.2978888152965367,Slight Decrease,67.98
Health,2029,72.84391317556558,65.55647046008133,81.35879589168286,4.867766345616346,7.1609918664464285,Significant Increase,72.84
Health,2030,72.93610896695937,64.8629367092419,80.374288927389,0.09219579139379164,0.12656622547389088,Slight Increase,72.94
