Issue,Year,Forecast,Lower_Bound,Upper_Bound,Change,Change_Pct,Trend,Forecast_Formatted
Illiteracy,2024,0.2250000098663694,0.2250000098626697,0.225000009869947,,,Baseline,22.50%
Illiteracy,2025,0.2100000099590985,0.2100000099554304,0.2100000099626769,-0.014999999907270883,-6.666666333116869,Significant Decrease,21.00%
Illiteracy,2026,0.198850111198165,0.1861723715799393,0.2118015726238213,-0.011149898760933502,-5.309475348646487,Significant Decrease,19.89%
Illiteracy,2027,0.1873165258788352,0.1442100152780731,0.2285050034848298,-0.011533585319329798,-5.800140241227197,Significant Decrease,18.73%
Illiteracy,2028,0.17531652571847,0.0935187851971148,0.2507175257437122,-0.012000000160365204,-6.406268803067245,Significant Decrease,17.53%
Illiteracy,2029,0.1603165258124051,0.0321846920679233,0.2781776854094762,-0.014999999906064904,-8.555953207829637,Significant Decrease,16.03%
Illiteracy,2030,0.1491666270506934,-0.0248816374179016,0.3100272598401299,-0.011149898761711713,-6.954927887321362,Significant Decrease,14.92%
